﻿<?xml version="1.0" encoding="utf-8"?>
<TextureAtlas imagePath="GF_ass_sets.png">
	<!-- Created with Adobe Animate version 20.5.0.29329 -->
	<!-- http://www.adobe.com/products/animate.html -->
	<SubTexture name="GF Cheer0000" x="0" y="0" width="300" height="427" frameX="-3" frameY="0" frameWidth="305" frameHeight="427"/>
	<SubTexture name="GF Cheer0001" x="0" y="0" width="300" height="427" frameX="-3" frameY="0" frameWidth="305" frameHeight="427"/>
	<SubTexture name="GF Cheer0002" x="300" y="0" width="305" height="424" frameX="0" frameY="-3" frameWidth="305" frameHeight="427"/>
	<SubTexture name="GF Cheer0003" x="300" y="0" width="305" height="424" frameX="0" frameY="-3" frameWidth="305" frameHeight="427"/>
	<SubTexture name="GF Cheer0004" x="300" y="0" width="305" height="424" frameX="0" frameY="-3" frameWidth="305" frameHeight="427"/>
	<SubTexture name="GF Cheer0005" x="300" y="0" width="305" height="424" frameX="0" frameY="-3" frameWidth="305" frameHeight="427"/>
	<SubTexture name="GF Cheer0006" x="300" y="0" width="305" height="424" frameX="0" frameY="-3" frameWidth="305" frameHeight="427"/>
	<SubTexture name="GF Cheer0007" x="300" y="0" width="305" height="424" frameX="0" frameY="-3" frameWidth="305" frameHeight="427"/>
	<SubTexture name="GF Cheer0008" x="300" y="0" width="305" height="424" frameX="0" frameY="-3" frameWidth="305" frameHeight="427"/>
	<SubTexture name="GF Cheer0009" x="300" y="0" width="305" height="424" frameX="0" frameY="-3" frameWidth="305" frameHeight="427"/>
	<SubTexture name="GF Cheer0010" x="300" y="0" width="305" height="424" frameX="0" frameY="-3" frameWidth="305" frameHeight="427"/>
	<SubTexture name="GF Cheer0011" x="300" y="0" width="305" height="424" frameX="0" frameY="-3" frameWidth="305" frameHeight="427"/>
	<SubTexture name="GF Cheer0012" x="300" y="0" width="305" height="424" frameX="0" frameY="-3" frameWidth="305" frameHeight="427"/>
	<SubTexture name="GF Cheer0013" x="300" y="0" width="305" height="424" frameX="0" frameY="-3" frameWidth="305" frameHeight="427"/>
	<SubTexture name="GF Cheer0014" x="300" y="0" width="305" height="424" frameX="0" frameY="-3" frameWidth="305" frameHeight="427"/>
	<SubTexture name="GF Cheer0015" x="300" y="0" width="305" height="424" frameX="0" frameY="-3" frameWidth="305" frameHeight="427"/>
	<SubTexture name="GF Cheer0016" x="300" y="0" width="305" height="424" frameX="0" frameY="-3" frameWidth="305" frameHeight="427"/>
	<SubTexture name="GF Cheer0017" x="300" y="0" width="305" height="424" frameX="0" frameY="-3" frameWidth="305" frameHeight="427"/>
	<SubTexture name="GF Cheer0018" x="300" y="0" width="305" height="424" frameX="0" frameY="-3" frameWidth="305" frameHeight="427"/>
	<SubTexture name="GF Cheer0019" x="300" y="0" width="305" height="424" frameX="0" frameY="-3" frameWidth="305" frameHeight="427"/>
	<SubTexture name="GF Cheer0020" x="300" y="0" width="305" height="424" frameX="0" frameY="-3" frameWidth="305" frameHeight="427"/>
	<SubTexture name="GF Dancing Beat0000" x="605" y="0" width="364" height="408" frameX="0" frameY="-14" frameWidth="383" frameHeight="422"/>
	<SubTexture name="GF Dancing Beat0001" x="605" y="0" width="364" height="408" frameX="0" frameY="-14" frameWidth="383" frameHeight="422"/>
	<SubTexture name="GF Dancing Beat0002" x="969" y="0" width="362" height="406" frameX="0" frameY="-16" frameWidth="383" frameHeight="422"/>
	<SubTexture name="GF Dancing Beat0003" x="1331" y="0" width="362" height="405" frameX="0" frameY="-16" frameWidth="383" frameHeight="422"/>
	<SubTexture name="GF Dancing Beat0004" x="1693" y="0" width="363" height="408" frameX="0" frameY="-13" frameWidth="383" frameHeight="422"/>
	<SubTexture name="GF Dancing Beat0005" x="2056" y="0" width="363" height="407" frameX="0" frameY="-13" frameWidth="383" frameHeight="422"/>
	<SubTexture name="GF Dancing Beat0006" x="2419" y="0" width="363" height="409" frameX="0" frameY="-11" frameWidth="383" frameHeight="422"/>
	<SubTexture name="GF Dancing Beat0007" x="2782" y="0" width="378" height="420" frameX="0" frameY="0" frameWidth="383" frameHeight="422"/>
	<SubTexture name="GF Dancing Beat0008" x="2782" y="0" width="378" height="420" frameX="0" frameY="0" frameWidth="383" frameHeight="422"/>
	<SubTexture name="GF Dancing Beat0009" x="2782" y="0" width="378" height="420" frameX="0" frameY="0" frameWidth="383" frameHeight="422"/>
	<SubTexture name="GF Dancing Beat0010" x="3160" y="0" width="379" height="420" frameX="0" frameY="0" frameWidth="383" frameHeight="422"/>
	<SubTexture name="GF Dancing Beat0011" x="3160" y="0" width="379" height="420" frameX="0" frameY="0" frameWidth="383" frameHeight="422"/>
	<SubTexture name="GF Dancing Beat0012" x="3160" y="0" width="379" height="420" frameX="0" frameY="0" frameWidth="383" frameHeight="422"/>
	<SubTexture name="GF Dancing Beat0013" x="3539" y="0" width="380" height="420" frameX="0" frameY="0" frameWidth="383" frameHeight="422"/>
	<SubTexture name="GF Dancing Beat0014" x="3539" y="0" width="380" height="420" frameX="0" frameY="0" frameWidth="383" frameHeight="422"/>
	<SubTexture name="GF Dancing Beat0015" x="0" y="427" width="379" height="410" frameX="0" frameY="-12" frameWidth="383" frameHeight="422"/>
	<SubTexture name="GF Dancing Beat0016" x="0" y="427" width="379" height="410" frameX="0" frameY="-12" frameWidth="383" frameHeight="422"/>
	<SubTexture name="GF Dancing Beat0017" x="379" y="427" width="380" height="410" frameX="0" frameY="-12" frameWidth="383" frameHeight="422"/>
	<SubTexture name="GF Dancing Beat0018" x="759" y="427" width="380" height="409" frameX="0" frameY="-12" frameWidth="383" frameHeight="422"/>
	<SubTexture name="GF Dancing Beat0019" x="1139" y="427" width="379" height="410" frameX="0" frameY="-11" frameWidth="383" frameHeight="422"/>
	<SubTexture name="GF Dancing Beat0020" x="1518" y="427" width="379" height="409" frameX="0" frameY="-11" frameWidth="383" frameHeight="422"/>
	<SubTexture name="GF Dancing Beat0021" x="1897" y="427" width="379" height="410" frameX="0" frameY="-10" frameWidth="383" frameHeight="422"/>
	<SubTexture name="GF Dancing Beat0022" x="2276" y="427" width="383" height="415" frameX="0" frameY="-5" frameWidth="383" frameHeight="422"/>
	<SubTexture name="GF Dancing Beat0023" x="2276" y="427" width="383" height="415" frameX="0" frameY="-5" frameWidth="383" frameHeight="422"/>
	<SubTexture name="GF Dancing Beat0024" x="2276" y="427" width="383" height="415" frameX="0" frameY="-5" frameWidth="383" frameHeight="422"/>
	<SubTexture name="GF Dancing Beat0025" x="2659" y="427" width="382" height="414" frameX="0" frameY="-6" frameWidth="383" frameHeight="422"/>
	<SubTexture name="GF Dancing Beat0026" x="2659" y="427" width="382" height="414" frameX="0" frameY="-6" frameWidth="383" frameHeight="422"/>
	<SubTexture name="GF Dancing Beat0027" x="2659" y="427" width="382" height="414" frameX="0" frameY="-6" frameWidth="383" frameHeight="422"/>
	<SubTexture name="GF Dancing Beat0028" x="3041" y="427" width="382" height="414" frameX="0" frameY="-6" frameWidth="383" frameHeight="422"/>
	<SubTexture name="GF Dancing Beat0029" x="3041" y="427" width="382" height="414" frameX="0" frameY="-6" frameWidth="383" frameHeight="422"/>
	<SubTexture name="GF Dancing Beat Hair Landing0000" x="3423" y="427" width="440" height="409" frameX="0" frameY="-13" frameWidth="467" frameHeight="422"/>
	<SubTexture name="GF Dancing Beat Hair Landing0001" x="3423" y="427" width="440" height="409" frameX="0" frameY="-13" frameWidth="467" frameHeight="422"/>
	<SubTexture name="GF Dancing Beat Hair Landing0002" x="0" y="842" width="415" height="393" frameX="-25" frameY="-29" frameWidth="467" frameHeight="422"/>
	<SubTexture name="GF Dancing Beat Hair Landing0003" x="415" y="842" width="415" height="392" frameX="-25" frameY="-29" frameWidth="467" frameHeight="422"/>
	<SubTexture name="GF Dancing Beat Hair Landing0004" x="830" y="842" width="397" height="380" frameX="-44" frameY="-41" frameWidth="467" frameHeight="422"/>
	<SubTexture name="GF Dancing Beat Hair Landing0005" x="1227" y="842" width="397" height="379" frameX="-44" frameY="-41" frameWidth="467" frameHeight="422"/>
	<SubTexture name="GF Dancing Beat Hair Landing0006" x="1624" y="842" width="352" height="398" frameX="-95" frameY="-22" frameWidth="467" frameHeight="422"/>
	<SubTexture name="GF Dancing Beat Hair Landing0007" x="2782" y="0" width="378" height="420" frameX="-150" frameY="0" frameWidth="383" frameHeight="422"/>
	<SubTexture name="GF Dancing Beat Hair Landing0008" x="2782" y="0" width="378" height="420" frameX="-150" frameY="0" frameWidth="383" frameHeight="422"/>
	<SubTexture name="GF Dancing Beat Hair Landing0009" x="2782" y="0" width="378" height="420" frameX="-150" frameY="0" frameWidth="383" frameHeight="422"/>
	<SubTexture name="GF Dancing Beat Hair Landing0010" x="3160" y="0" width="379" height="420" frameX="-141" frameY="0" frameWidth="383" frameHeight="422"/>
	<SubTexture name="GF Dancing Beat Hair Landing0011" x="3160" y="0" width="379" height="420" frameX="-141" frameY="0" frameWidth="383" frameHeight="422"/>
	<SubTexture name="GF Dancing Beat Hair Landing0012" x="3160" y="0" width="379" height="420" frameX="-141" frameY="0" frameWidth="383" frameHeight="422"/>
	<SubTexture name="GF Dancing Beat Hair Landing0013" x="3539" y="0" width="380" height="420" frameX="-140" frameY="0" frameWidth="383" frameHeight="422"/>
	<SubTexture name="GF Dancing Beat Hair Landing0014" x="3539" y="0" width="380" height="420" frameX="-140" frameY="0" frameWidth="383" frameHeight="422"/>
	<SubTexture name="GF Dancing Beat Hair Landing0015" x="0" y="427" width="379" height="410" frameX="-142" frameY="-12" frameWidth="383" frameHeight="422"/>
	<SubTexture name="GF Dancing Beat Hair Landing0016" x="0" y="427" width="379" height="410" frameX="-142" frameY="-12" frameWidth="383" frameHeight="422"/>
	<SubTexture name="GF Dancing Beat Hair Landing0017" x="379" y="427" width="380" height="410" frameX="-144" frameY="-12" frameWidth="383" frameHeight="422"/>
	<SubTexture name="GF Dancing Beat Hair Landing0018" x="759" y="427" width="380" height="409" frameX="-144" frameY="-12" frameWidth="383" frameHeight="422"/>
	<SubTexture name="GF Dancing Beat Hair Landing0019" x="1139" y="427" width="379" height="410" frameX="-146" frameY="-11" frameWidth="383" frameHeight="422"/>
	<SubTexture name="GF Dancing Beat Hair Landing0020" x="1518" y="427" width="379" height="409" frameX="-146" frameY="-11" frameWidth="383" frameHeight="422"/>
	<SubTexture name="GF Dancing Beat Hair Landing0021" x="1897" y="427" width="379" height="410" frameX="-150" frameY="-10" frameWidth="383" frameHeight="422"/>
	<SubTexture name="GF Dancing Beat Hair Landing0022" x="2276" y="427" width="383" height="415" frameX="-173" frameY="-5" frameWidth="383" frameHeight="422"/>
	<SubTexture name="GF Dancing Beat Hair Landing0023" x="2276" y="427" width="383" height="415" frameX="-173" frameY="-5" frameWidth="383" frameHeight="422"/>
	<SubTexture name="GF Dancing Beat Hair Landing0024" x="2276" y="427" width="383" height="415" frameX="-173" frameY="-5" frameWidth="383" frameHeight="422"/>
	<SubTexture name="GF Dancing Beat Hair Landing0025" x="2659" y="427" width="382" height="414" frameX="-173" frameY="-6" frameWidth="383" frameHeight="422"/>
	<SubTexture name="GF Dancing Beat Hair Landing0026" x="2659" y="427" width="382" height="414" frameX="-173" frameY="-6" frameWidth="383" frameHeight="422"/>
	<SubTexture name="GF Dancing Beat Hair Landing0027" x="2659" y="427" width="382" height="414" frameX="-173" frameY="-6" frameWidth="383" frameHeight="422"/>
	<SubTexture name="GF Dancing Beat Hair Landing0028" x="3041" y="427" width="382" height="414" frameX="-173" frameY="-6" frameWidth="383" frameHeight="422"/>
	<SubTexture name="GF Dancing Beat Hair Landing0029" x="3041" y="427" width="382" height="414" frameX="-173" frameY="-6" frameWidth="383" frameHeight="422"/>
	<SubTexture name="GF Dancing Beat Hair blowing CAR0000" x="1976" y="842" width="468" height="408" frameX="-5" frameY="-15" frameWidth="564" frameHeight="423"/>
	<SubTexture name="GF Dancing Beat Hair blowing CAR0001" x="1976" y="842" width="468" height="408" frameX="-5" frameY="-15" frameWidth="564" frameHeight="423"/>
	<SubTexture name="GF Dancing Beat Hair blowing CAR0002" x="2444" y="842" width="512" height="400" frameX="-6" frameY="-23" frameWidth="564" frameHeight="423"/>
	<SubTexture name="GF Dancing Beat Hair blowing CAR0003" x="2956" y="842" width="458" height="398" frameX="0" frameY="-24" frameWidth="564" frameHeight="423"/>
	<SubTexture name="GF Dancing Beat Hair blowing CAR0004" x="3414" y="842" width="466" height="411" frameX="-9" frameY="-11" frameWidth="564" frameHeight="423"/>
	<SubTexture name="GF Dancing Beat Hair blowing CAR0005" x="0" y="1253" width="466" height="410" frameX="-9" frameY="-11" frameWidth="564" frameHeight="423"/>
	<SubTexture name="GF Dancing Beat Hair blowing CAR0006" x="466" y="1253" width="512" height="408" frameX="-7" frameY="-13" frameWidth="564" frameHeight="423"/>
	<SubTexture name="GF Dancing Beat Hair blowing CAR0007" x="978" y="1253" width="485" height="419" frameX="-9" frameY="-2" frameWidth="564" frameHeight="423"/>
	<SubTexture name="GF Dancing Beat Hair blowing CAR0008" x="1463" y="1253" width="532" height="411" frameX="-9" frameY="-10" frameWidth="564" frameHeight="423"/>
	<SubTexture name="GF Dancing Beat Hair blowing CAR0009" x="1995" y="1253" width="473" height="410" frameX="-9" frameY="-11" frameWidth="564" frameHeight="423"/>
	<SubTexture name="GF Dancing Beat Hair blowing CAR0010" x="2468" y="1253" width="495" height="421" frameX="-9" frameY="0" frameWidth="564" frameHeight="423"/>
	<SubTexture name="GF Dancing Beat Hair blowing CAR0011" x="2468" y="1253" width="495" height="421" frameX="-9" frameY="0" frameWidth="564" frameHeight="423"/>
	<SubTexture name="GF Dancing Beat Hair blowing CAR0012" x="2963" y="1253" width="540" height="413" frameX="-9" frameY="-8" frameWidth="564" frameHeight="423"/>
	<SubTexture name="GF Dancing Beat Hair blowing CAR0013" x="3503" y="1253" width="494" height="420" frameX="-9" frameY="-1" frameWidth="564" frameHeight="423"/>
	<SubTexture name="GF Dancing Beat Hair blowing CAR0014" x="0" y="1674" width="538" height="412" frameX="-9" frameY="-9" frameWidth="564" frameHeight="423"/>
	<SubTexture name="GF Dancing Beat Hair blowing CAR0015" x="538" y="1674" width="493" height="399" frameX="-11" frameY="-24" frameWidth="564" frameHeight="423"/>
	<SubTexture name="GF Dancing Beat Hair blowing CAR0016" x="1031" y="1674" width="508" height="408" frameX="-11" frameY="-15" frameWidth="564" frameHeight="423"/>
	<SubTexture name="GF Dancing Beat Hair blowing CAR0017" x="1539" y="1674" width="501" height="405" frameX="-11" frameY="-18" frameWidth="564" frameHeight="423"/>
	<SubTexture name="GF Dancing Beat Hair blowing CAR0018" x="2040" y="1674" width="548" height="396" frameX="-10" frameY="-26" frameWidth="564" frameHeight="423"/>
	<SubTexture name="GF Dancing Beat Hair blowing CAR0019" x="2588" y="1674" width="503" height="407" frameX="-10" frameY="-15" frameWidth="564" frameHeight="423"/>
	<SubTexture name="GF Dancing Beat Hair blowing CAR0020" x="3091" y="1674" width="549" height="398" frameX="-9" frameY="-23" frameWidth="564" frameHeight="423"/>
	<SubTexture name="GF Dancing Beat Hair blowing CAR0021" x="0" y="2086" width="490" height="402" frameX="-9" frameY="-19" frameWidth="564" frameHeight="423"/>
	<SubTexture name="GF Dancing Beat Hair blowing CAR0022" x="490" y="2086" width="499" height="418" frameX="-9" frameY="-3" frameWidth="564" frameHeight="423"/>
	<SubTexture name="GF Dancing Beat Hair blowing CAR0023" x="490" y="2086" width="499" height="418" frameX="-9" frameY="-3" frameWidth="564" frameHeight="423"/>
	<SubTexture name="GF Dancing Beat Hair blowing CAR0024" x="989" y="2086" width="542" height="410" frameX="-9" frameY="-11" frameWidth="564" frameHeight="423"/>
	<SubTexture name="GF Dancing Beat Hair blowing CAR0025" x="1531" y="2086" width="497" height="419" frameX="-9" frameY="-2" frameWidth="564" frameHeight="423"/>
	<SubTexture name="GF Dancing Beat Hair blowing CAR0026" x="2028" y="2086" width="539" height="411" frameX="-9" frameY="-10" frameWidth="564" frameHeight="423"/>
	<SubTexture name="GF Dancing Beat Hair blowing CAR0027" x="2567" y="2086" width="475" height="410" frameX="-9" frameY="-11" frameWidth="564" frameHeight="423"/>
	<SubTexture name="GF Dancing Beat Hair blowing CAR0028" x="3042" y="2086" width="495" height="418" frameX="-9" frameY="-3" frameWidth="564" frameHeight="423"/>
	<SubTexture name="GF Dancing Beat Hair blowing CAR0029" x="3042" y="2086" width="495" height="418" frameX="-9" frameY="-3" frameWidth="564" frameHeight="423"/>
	<SubTexture name="GF Down Note0000" x="3537" y="2086" width="312" height="408" frameX="0" frameY="-6" frameWidth="312" frameHeight="414"/>
	<SubTexture name="GF Down Note0001" x="3537" y="2086" width="312" height="408" frameX="0" frameY="-6" frameWidth="312" frameHeight="414"/>
	<SubTexture name="GF Down Note0002" x="0" y="2505" width="310" height="412" frameX="-1" frameY="-1" frameWidth="312" frameHeight="414"/>
	<SubTexture name="GF Down Note0003" x="0" y="2505" width="310" height="412" frameX="-1" frameY="-1" frameWidth="312" frameHeight="414"/>
	<SubTexture name="GF Down Note0004" x="310" y="2505" width="310" height="413" frameX="-1" frameY="0" frameWidth="312" frameHeight="414"/>
	<SubTexture name="GF Down Note0005" x="310" y="2505" width="310" height="413" frameX="-1" frameY="0" frameWidth="312" frameHeight="414"/>
	<SubTexture name="GF Down Note0006" x="310" y="2505" width="310" height="413" frameX="-1" frameY="0" frameWidth="312" frameHeight="414"/>
	<SubTexture name="GF Down Note0007" x="310" y="2505" width="310" height="413" frameX="-1" frameY="0" frameWidth="312" frameHeight="414"/>
	<SubTexture name="GF Down Note0008" x="310" y="2505" width="310" height="413" frameX="-1" frameY="0" frameWidth="312" frameHeight="414"/>
	<SubTexture name="GF Down Note0009" x="310" y="2505" width="310" height="413" frameX="-1" frameY="0" frameWidth="312" frameHeight="414"/>
	<SubTexture name="GF Down Note0010" x="310" y="2505" width="310" height="413" frameX="-1" frameY="0" frameWidth="312" frameHeight="414"/>
	<SubTexture name="GF Down Note0011" x="310" y="2505" width="310" height="413" frameX="-1" frameY="0" frameWidth="312" frameHeight="414"/>
	<SubTexture name="GF Down Note0012" x="310" y="2505" width="310" height="413" frameX="-1" frameY="0" frameWidth="312" frameHeight="414"/>
	<SubTexture name="GF Down Note0013" x="310" y="2505" width="310" height="413" frameX="-1" frameY="0" frameWidth="312" frameHeight="414"/>
	<SubTexture name="GF Down Note0014" x="310" y="2505" width="310" height="413" frameX="-1" frameY="0" frameWidth="312" frameHeight="414"/>
	<SubTexture name="GF Down Note0015" x="310" y="2505" width="310" height="413" frameX="-1" frameY="0" frameWidth="312" frameHeight="414"/>
	<SubTexture name="GF Down Note0016" x="310" y="2505" width="310" height="413" frameX="-1" frameY="0" frameWidth="312" frameHeight="414"/>
	<SubTexture name="GF Down Note0017" x="310" y="2505" width="310" height="413" frameX="-1" frameY="0" frameWidth="312" frameHeight="414"/>
	<SubTexture name="GF Down Note0018" x="310" y="2505" width="310" height="413" frameX="-1" frameY="0" frameWidth="312" frameHeight="414"/>
	<SubTexture name="GF Down Note0019" x="310" y="2505" width="310" height="413" frameX="-1" frameY="0" frameWidth="312" frameHeight="414"/>
	<SubTexture name="GF Duck0000" x="620" y="2505" width="295" height="359" frameX="0" frameY="-11" frameWidth="295" frameHeight="370"/>
	<SubTexture name="GF Duck0001" x="620" y="2505" width="295" height="359" frameX="0" frameY="-11" frameWidth="295" frameHeight="370"/>
	<SubTexture name="GF Duck0002" x="915" y="2505" width="288" height="365" frameX="-4" frameY="0" frameWidth="295" frameHeight="370"/>
	<SubTexture name="GF Duck0003" x="915" y="2505" width="288" height="365" frameX="-4" frameY="0" frameWidth="295" frameHeight="370"/>
	<SubTexture name="GF Duck Hair Blowing0000" x="1203" y="2505" width="469" height="336" frameX="-4" frameY="-8" frameWidth="518" frameHeight="344"/>
	<SubTexture name="GF Duck Hair Blowing0001" x="1203" y="2505" width="469" height="336" frameX="-4" frameY="-8" frameWidth="518" frameHeight="344"/>
	<SubTexture name="GF Duck Hair Blowing0002" x="1672" y="2505" width="512" height="339" frameX="-6" frameY="0" frameWidth="518" frameHeight="344"/>
	<SubTexture name="GF Duck Hair Blowing0003" x="2184" y="2505" width="458" height="338" frameX="0" frameY="-1" frameWidth="518" frameHeight="344"/>
	<SubTexture name="GF FEAR 0000" x="2642" y="2505" width="310" height="393" frameX="-1" frameY="0" frameWidth="311" frameHeight="393"/>
	<SubTexture name="GF FEAR 0001" x="2952" y="2505" width="310" height="393" frameX="0" frameY="0" frameWidth="311" frameHeight="393"/>
	<SubTexture name="GF FEAR 0002" x="3262" y="2505" width="310" height="391" frameX="-1" frameY="-2" frameWidth="311" frameHeight="393"/>
	<SubTexture name="GF FEAR 0003" x="3572" y="2505" width="310" height="392" frameX="-1" frameY="0" frameWidth="311" frameHeight="393"/>
	<SubTexture name="GF Right Note0000" x="0" y="2918" width="319" height="406" frameX="0" frameY="-5" frameWidth="321" frameHeight="411"/>
	<SubTexture name="GF Right Note0001" x="319" y="2918" width="317" height="406" frameX="-4" frameY="-5" frameWidth="321" frameHeight="411"/>
	<SubTexture name="GF Right Note0002" x="636" y="2918" width="298" height="410" frameX="-21" frameY="0" frameWidth="321" frameHeight="411"/>
	<SubTexture name="GF Right Note0003" x="636" y="2918" width="298" height="410" frameX="-21" frameY="0" frameWidth="321" frameHeight="411"/>
	<SubTexture name="GF Right Note0004" x="934" y="2918" width="300" height="410" frameX="-18" frameY="0" frameWidth="321" frameHeight="411"/>
	<SubTexture name="GF Right Note0005" x="1234" y="2918" width="301" height="410" frameX="-15" frameY="0" frameWidth="321" frameHeight="411"/>
	<SubTexture name="GF Right Note0006" x="1535" y="2918" width="303" height="410" frameX="-13" frameY="0" frameWidth="321" frameHeight="411"/>
	<SubTexture name="GF Right Note0007" x="1535" y="2918" width="303" height="410" frameX="-13" frameY="0" frameWidth="321" frameHeight="411"/>
	<SubTexture name="GF Right Note0008" x="1838" y="2918" width="304" height="410" frameX="-12" frameY="0" frameWidth="321" frameHeight="411"/>
	<SubTexture name="GF Right Note0009" x="1838" y="2918" width="304" height="410" frameX="-12" frameY="0" frameWidth="321" frameHeight="411"/>
	<SubTexture name="GF Right Note0010" x="1838" y="2918" width="304" height="410" frameX="-12" frameY="0" frameWidth="321" frameHeight="411"/>
	<SubTexture name="GF Right Note0011" x="1838" y="2918" width="304" height="410" frameX="-12" frameY="0" frameWidth="321" frameHeight="411"/>
	<SubTexture name="GF Right Note0012" x="1838" y="2918" width="304" height="410" frameX="-12" frameY="0" frameWidth="321" frameHeight="411"/>
	<SubTexture name="GF Right Note0013" x="1838" y="2918" width="304" height="410" frameX="-12" frameY="0" frameWidth="321" frameHeight="411"/>
	<SubTexture name="GF Right Note0014" x="1838" y="2918" width="304" height="410" frameX="-12" frameY="0" frameWidth="321" frameHeight="411"/>
	<SubTexture name="GF Up Note0000" x="2142" y="2918" width="314" height="431" frameX="0" frameY="0" frameWidth="314" frameHeight="433"/>
	<SubTexture name="GF Up Note0001" x="2142" y="2918" width="314" height="431" frameX="0" frameY="0" frameWidth="314" frameHeight="433"/>
	<SubTexture name="GF Up Note0002" x="2456" y="2918" width="313" height="433" frameX="-1" frameY="0" frameWidth="314" frameHeight="433"/>
	<SubTexture name="GF Up Note0003" x="2456" y="2918" width="313" height="433" frameX="-1" frameY="0" frameWidth="314" frameHeight="433"/>
	<SubTexture name="GF Up Note0004" x="2456" y="2918" width="313" height="433" frameX="-1" frameY="0" frameWidth="314" frameHeight="433"/>
	<SubTexture name="GF Up Note0005" x="2456" y="2918" width="313" height="433" frameX="-1" frameY="0" frameWidth="314" frameHeight="433"/>
	<SubTexture name="GF Up Note0006" x="2456" y="2918" width="313" height="433" frameX="-1" frameY="0" frameWidth="314" frameHeight="433"/>
	<SubTexture name="GF left note0000" x="2769" y="2918" width="296" height="406" frameX="-7" frameY="-5" frameWidth="305" frameHeight="411"/>
	<SubTexture name="GF left note0001" x="3065" y="2918" width="293" height="404" frameX="-7" frameY="-7" frameWidth="305" frameHeight="411"/>
	<SubTexture name="GF left note0002" x="3358" y="2918" width="305" height="410" frameX="0" frameY="0" frameWidth="305" frameHeight="411"/>
	<SubTexture name="GF left note0003" x="3358" y="2918" width="305" height="410" frameX="0" frameY="0" frameWidth="305" frameHeight="411"/>
	<SubTexture name="GF left note0004" x="3663" y="2918" width="305" height="410" frameX="0" frameY="0" frameWidth="305" frameHeight="411"/>
	<SubTexture name="GF left note0005" x="0" y="3351" width="302" height="410" frameX="-3" frameY="0" frameWidth="305" frameHeight="411"/>
	<SubTexture name="GF left note0006" x="302" y="3351" width="299" height="409" frameX="-6" frameY="-1" frameWidth="305" frameHeight="411"/>
	<SubTexture name="GF left note0007" x="302" y="3351" width="299" height="409" frameX="-6" frameY="-1" frameWidth="305" frameHeight="411"/>
	<SubTexture name="GF left note0008" x="601" y="3351" width="297" height="409" frameX="-8" frameY="-1" frameWidth="305" frameHeight="411"/>
	<SubTexture name="GF left note0009" x="601" y="3351" width="297" height="409" frameX="-8" frameY="-1" frameWidth="305" frameHeight="411"/>
	<SubTexture name="GF left note0010" x="601" y="3351" width="297" height="409" frameX="-8" frameY="-1" frameWidth="305" frameHeight="411"/>
	<SubTexture name="GF left note0011" x="601" y="3351" width="297" height="409" frameX="-8" frameY="-1" frameWidth="305" frameHeight="411"/>
	<SubTexture name="GF left note0012" x="601" y="3351" width="297" height="409" frameX="-8" frameY="-1" frameWidth="305" frameHeight="411"/>
	<SubTexture name="GF left note0013" x="601" y="3351" width="297" height="409" frameX="-8" frameY="-1" frameWidth="305" frameHeight="411"/>
	<SubTexture name="GF left note0014" x="601" y="3351" width="297" height="409" frameX="-8" frameY="-1" frameWidth="305" frameHeight="411"/>
	<SubTexture name="gf sad0000" x="898" y="3351" width="291" height="400" frameX="-2" frameY="-3" frameWidth="293" frameHeight="404"/>
	<SubTexture name="gf sad0001" x="898" y="3351" width="291" height="400" frameX="-2" frameY="-3" frameWidth="293" frameHeight="404"/>
	<SubTexture name="gf sad0002" x="1189" y="3351" width="290" height="404" frameX="0" frameY="0" frameWidth="293" frameHeight="404"/>
	<SubTexture name="gf sad0003" x="1189" y="3351" width="290" height="404" frameX="0" frameY="0" frameWidth="293" frameHeight="404"/>
	<SubTexture name="gf sad0004" x="1479" y="3351" width="290" height="404" frameX="0" frameY="0" frameWidth="293" frameHeight="404"/>
	<SubTexture name="gf sad0005" x="1479" y="3351" width="290" height="404" frameX="0" frameY="0" frameWidth="293" frameHeight="404"/>
	<SubTexture name="gf sad0006" x="1769" y="3351" width="290" height="404" frameX="0" frameY="0" frameWidth="293" frameHeight="404"/>
	<SubTexture name="gf sad0007" x="1769" y="3351" width="290" height="404" frameX="0" frameY="0" frameWidth="293" frameHeight="404"/>
	<SubTexture name="gf sad0008" x="2059" y="3351" width="290" height="404" frameX="0" frameY="0" frameWidth="293" frameHeight="404"/>
	<SubTexture name="gf sad0009" x="2059" y="3351" width="290" height="404" frameX="0" frameY="0" frameWidth="293" frameHeight="404"/>
	<SubTexture name="gf sad0010" x="1189" y="3351" width="290" height="404" frameX="0" frameY="0" frameWidth="293" frameHeight="404"/>
	<SubTexture name="gf sad0011" x="1189" y="3351" width="290" height="404" frameX="0" frameY="0" frameWidth="293" frameHeight="404"/>
	<SubTexture name="gf sad0012" x="1479" y="3351" width="290" height="404" frameX="0" frameY="0" frameWidth="293" frameHeight="404"/>
	<SubTexture name="gf sad0013" x="1479" y="3351" width="290" height="404" frameX="0" frameY="0" frameWidth="293" frameHeight="404"/>
	<SubTexture name="gf sad0014" x="1769" y="3351" width="290" height="404" frameX="0" frameY="0" frameWidth="293" frameHeight="404"/>
	<SubTexture name="gf sad0015" x="1769" y="3351" width="290" height="404" frameX="0" frameY="0" frameWidth="293" frameHeight="404"/>
	<SubTexture name="gf sad0016" x="2059" y="3351" width="290" height="404" frameX="0" frameY="0" frameWidth="293" frameHeight="404"/>
	<SubTexture name="gf sad0017" x="2059" y="3351" width="290" height="404" frameX="0" frameY="0" frameWidth="293" frameHeight="404"/>
	<SubTexture name="gf sad0018" x="1189" y="3351" width="290" height="404" frameX="0" frameY="0" frameWidth="293" frameHeight="404"/>
	<SubTexture name="gf sad0019" x="1189" y="3351" width="290" height="404" frameX="0" frameY="0" frameWidth="293" frameHeight="404"/>
	<SubTexture name="gf sad0020" x="1479" y="3351" width="290" height="404" frameX="0" frameY="0" frameWidth="293" frameHeight="404"/>
	<SubTexture name="gf sad0021" x="1479" y="3351" width="290" height="404" frameX="0" frameY="0" frameWidth="293" frameHeight="404"/>
	<SubTexture name="gf sad0022" x="1769" y="3351" width="290" height="404" frameX="0" frameY="0" frameWidth="293" frameHeight="404"/>
	<SubTexture name="gf sad0023" x="1769" y="3351" width="290" height="404" frameX="0" frameY="0" frameWidth="293" frameHeight="404"/>
	<SubTexture name="gf sad0024" x="2059" y="3351" width="290" height="404" frameX="0" frameY="0" frameWidth="293" frameHeight="404"/>
	<SubTexture name="gf sad0025" x="2059" y="3351" width="290" height="404" frameX="0" frameY="0" frameWidth="293" frameHeight="404"/>
	<SubTexture name="gf sad0026" x="1189" y="3351" width="290" height="404" frameX="0" frameY="0" frameWidth="293" frameHeight="404"/>
	<SubTexture name="gf sad0027" x="1189" y="3351" width="290" height="404" frameX="0" frameY="0" frameWidth="293" frameHeight="404"/>
	<SubTexture name="gf sad0028" x="1479" y="3351" width="290" height="404" frameX="0" frameY="0" frameWidth="293" frameHeight="404"/>
	<SubTexture name="gf sad0029" x="1479" y="3351" width="290" height="404" frameX="0" frameY="0" frameWidth="293" frameHeight="404"/>
	<SubTexture name="gf sad0030" x="1769" y="3351" width="290" height="404" frameX="0" frameY="0" frameWidth="293" frameHeight="404"/>
	<SubTexture name="gf sad0031" x="1769" y="3351" width="290" height="404" frameX="0" frameY="0" frameWidth="293" frameHeight="404"/>
	<SubTexture name="gf sad0032" x="2059" y="3351" width="290" height="404" frameX="0" frameY="0" frameWidth="293" frameHeight="404"/>
	<SubTexture name="gf sad0033" x="2059" y="3351" width="290" height="404" frameX="0" frameY="0" frameWidth="293" frameHeight="404"/>
	<SubTexture name="gf sad0034" x="1189" y="3351" width="290" height="404" frameX="0" frameY="0" frameWidth="293" frameHeight="404"/>
	<SubTexture name="gf sad0035" x="1189" y="3351" width="290" height="404" frameX="0" frameY="0" frameWidth="293" frameHeight="404"/>
	<SubTexture name="gf sad0036" x="1479" y="3351" width="290" height="404" frameX="0" frameY="0" frameWidth="293" frameHeight="404"/>
	<SubTexture name="gf sad0037" x="1479" y="3351" width="290" height="404" frameX="0" frameY="0" frameWidth="293" frameHeight="404"/>
	<SubTexture name="gf sad0038" x="1769" y="3351" width="290" height="404" frameX="0" frameY="0" frameWidth="293" frameHeight="404"/>
	<SubTexture name="gf sad0039" x="1769" y="3351" width="290" height="404" frameX="0" frameY="0" frameWidth="293" frameHeight="404"/>
	<SubTexture name="gf sad0040" x="2059" y="3351" width="290" height="404" frameX="0" frameY="0" frameWidth="293" frameHeight="404"/>
	<SubTexture name="gf sad0041" x="2059" y="3351" width="290" height="404" frameX="0" frameY="0" frameWidth="293" frameHeight="404"/>
	<SubTexture name="gf sad0042" x="1189" y="3351" width="290" height="404" frameX="0" frameY="0" frameWidth="293" frameHeight="404"/>
	<SubTexture name="gf sad0043" x="1189" y="3351" width="290" height="404" frameX="0" frameY="0" frameWidth="293" frameHeight="404"/>
	<SubTexture name="gf sad0044" x="1479" y="3351" width="290" height="404" frameX="0" frameY="0" frameWidth="293" frameHeight="404"/>
	<SubTexture name="gf sad0045" x="1479" y="3351" width="290" height="404" frameX="0" frameY="0" frameWidth="293" frameHeight="404"/>
	<SubTexture name="gf sad0046" x="1769" y="3351" width="290" height="404" frameX="0" frameY="0" frameWidth="293" frameHeight="404"/>
	<SubTexture name="gf sad0047" x="1769" y="3351" width="290" height="404" frameX="0" frameY="0" frameWidth="293" frameHeight="404"/>
	<SubTexture name="gf sad0048" x="2059" y="3351" width="290" height="404" frameX="0" frameY="0" frameWidth="293" frameHeight="404"/>
	<SubTexture name="gf sad0049" x="2059" y="3351" width="290" height="404" frameX="0" frameY="0" frameWidth="293" frameHeight="404"/>
	<SubTexture name="gf sad0050" x="1189" y="3351" width="290" height="404" frameX="0" frameY="0" frameWidth="293" frameHeight="404"/>
	<SubTexture name="gf sad0051" x="1189" y="3351" width="290" height="404" frameX="0" frameY="0" frameWidth="293" frameHeight="404"/>
	<SubTexture name="gf sad0052" x="1479" y="3351" width="290" height="404" frameX="0" frameY="0" frameWidth="293" frameHeight="404"/>
	<SubTexture name="gf sad0053" x="1479" y="3351" width="290" height="404" frameX="0" frameY="0" frameWidth="293" frameHeight="404"/>
	<SubTexture name="gf sad0054" x="1769" y="3351" width="290" height="404" frameX="0" frameY="0" frameWidth="293" frameHeight="404"/>
	<SubTexture name="gf sad0055" x="1769" y="3351" width="290" height="404" frameX="0" frameY="0" frameWidth="293" frameHeight="404"/>
	<SubTexture name="gf sad0056" x="2059" y="3351" width="290" height="404" frameX="0" frameY="0" frameWidth="293" frameHeight="404"/>
	<SubTexture name="gf sad0057" x="2059" y="3351" width="290" height="404" frameX="0" frameY="0" frameWidth="293" frameHeight="404"/>
	<SubTexture name="gf sad0058" x="1189" y="3351" width="290" height="404" frameX="0" frameY="0" frameWidth="293" frameHeight="404"/>
	<SubTexture name="gf sad0059" x="1189" y="3351" width="290" height="404" frameX="0" frameY="0" frameWidth="293" frameHeight="404"/>
	<SubTexture name="gf sad0060" x="1479" y="3351" width="290" height="404" frameX="0" frameY="0" frameWidth="293" frameHeight="404"/>
	<SubTexture name="gf sad0061" x="1479" y="3351" width="290" height="404" frameX="0" frameY="0" frameWidth="293" frameHeight="404"/>
	<SubTexture name="gf sad0062" x="1769" y="3351" width="290" height="404" frameX="0" frameY="0" frameWidth="293" frameHeight="404"/>
	<SubTexture name="gf sad0063" x="1769" y="3351" width="290" height="404" frameX="0" frameY="0" frameWidth="293" frameHeight="404"/>
	<SubTexture name="gf sad0064" x="2059" y="3351" width="290" height="404" frameX="0" frameY="0" frameWidth="293" frameHeight="404"/>
	<SubTexture name="gf sad0065" x="2059" y="3351" width="290" height="404" frameX="0" frameY="0" frameWidth="293" frameHeight="404"/>
	<SubTexture name="gf sad0066" x="1189" y="3351" width="290" height="404" frameX="0" frameY="0" frameWidth="293" frameHeight="404"/>
	<SubTexture name="gf sad0067" x="1189" y="3351" width="290" height="404" frameX="0" frameY="0" frameWidth="293" frameHeight="404"/>
	<SubTexture name="gf sad0068" x="1479" y="3351" width="290" height="404" frameX="0" frameY="0" frameWidth="293" frameHeight="404"/>
	<SubTexture name="gf sad0069" x="1479" y="3351" width="290" height="404" frameX="0" frameY="0" frameWidth="293" frameHeight="404"/>
	<SubTexture name="gf sad0070" x="1769" y="3351" width="290" height="404" frameX="0" frameY="0" frameWidth="293" frameHeight="404"/>
	<SubTexture name="gf sad0071" x="1769" y="3351" width="290" height="404" frameX="0" frameY="0" frameWidth="293" frameHeight="404"/>
	<SubTexture name="gf sad0072" x="2059" y="3351" width="290" height="404" frameX="0" frameY="0" frameWidth="293" frameHeight="404"/>
	<SubTexture name="gf sad0073" x="2059" y="3351" width="290" height="404" frameX="0" frameY="0" frameWidth="293" frameHeight="404"/>
	<SubTexture name="gf sad0074" x="1189" y="3351" width="290" height="404" frameX="0" frameY="0" frameWidth="293" frameHeight="404"/>
	<SubTexture name="gf sad0075" x="1189" y="3351" width="290" height="404" frameX="0" frameY="0" frameWidth="293" frameHeight="404"/>
	<SubTexture name="gf sad0076" x="1479" y="3351" width="290" height="404" frameX="0" frameY="0" frameWidth="293" frameHeight="404"/>
	<SubTexture name="gf sad0077" x="1479" y="3351" width="290" height="404" frameX="0" frameY="0" frameWidth="293" frameHeight="404"/>
	<SubTexture name="gf sad0078" x="1769" y="3351" width="290" height="404" frameX="0" frameY="0" frameWidth="293" frameHeight="404"/>
	<SubTexture name="gf sad0079" x="1769" y="3351" width="290" height="404" frameX="0" frameY="0" frameWidth="293" frameHeight="404"/>
</TextureAtlas>
